opening_eco,opening_name,opening_ply
B00,Nimzowitsch Defense,2
B00,Nimzowitsch Defense: Scandinavian Variation |  Exchange Variation,6
C80,Ruy Lopez: Open Variations,13
B06,Modern Defense: Lizard Defense |  Mittenberger Gambit,6
C00,French Defense: Knight Variation,3
C52,Italian Game: Evans Gambit |  Anderssen Defense,14
C23,Bishop's Opening: Philidor Counterattack,4
B12,Slav Defense: Diemer Gambit,5
D94,Gruenfeld Defense: Three Knights Variation |  Burille Variation,9
B38,Sicilian Defense: Accelerated Dragon |  Maroczy Bind,11
D31,Semi-Slav Defense: Accelerated Move Order,6
C40,Latvian Gambit Accepted |  Main Line,7
C42,Russian Game: Karklins-Martinovsky Variation,7
C62,Ruy Lopez: Steinitz Defense,6
E15,Queen's Indian Defense: Fianchetto Variation |  Saemisch Variation,10
B12,Caro-Kann Defense: Advance Variation,5
D06,Queen's Gambit,3
B00,Nimzowitsch Defense: Williams Variation,4
C24,Bishop's Opening: Urusov Gambit |  Keidansky Gambit,9
C01,French Defense: Winawer Variation |  Delayed Exchange Variation,7
C44,Ponziani Opening: Jaenisch Counterattack,6
C02,French Defense: Advance Variation #4,6
C70,Ruy Lopez,6
B01,Scandinavian Defense,2
D90,Gruenfeld Defense: Three Knights Variation,8
E91,King's Indian Defense: Orthodox Variation,11
C18,French Defense: Winawer Variation |  Advance Variation #2,11
A31,English Opening: Symmetrical Variation |  Anti-Benoni Variation,5
C53,Italian Game: Classical Variation |  Giuoco Pianissimo,9
A84,Dutch Defense: Classical Variation,4
D11,Slav Defense: Bonet Gambit,7
B00,Nimzowitsch Defense: Scandinavian Variation |  Advance Variation,5
B21,Sicilian Defense: Smith-Morra Gambit Accepted |  Pin Defense,12
A01,Nimzo-Larsen Attack: Modern Variation,2
C52,Italian Game: Evans Gambit |  Main Line,10
B00,St. George Defense,2
B27,Sicilian Defense: Jalalabad Variation,4
C39,King's Gambit Accepted |  Kieseritzky Gambit |  Kolisch Defense,10
C34,King's Gambit Accepted |  King's Knight Gambit,5
C20,King's Pawn Game,2
C30,King's Gambit Declined |  Norwalde Variation,4
C41,Philidor Defense: Paulsen Attack,9
D00,Queen's Pawn Game: Veresov Attack |  Anti-Veresov,4
B00,Nimzowitsch Defense: Lean Variation,4
C50,Italian Game: Giuoco Pianissimo |  Normal,8
A00,Grob Opening,1
D45,Semi-Slav Defense: Stoltz Variation |  Center Variation,13
C11,French Defense: Steinitz Variation #2,11
C48,Four Knights Game: Spanish Variation,7
B33,Sicilian Defense: Lasker-Pelikan Variation |  Bird Variation,16
A80,Queen's Pawn Game: Veresov Attack |  Dutch System,4
C56,Italian Game: Scotch Gambit |  Anderssen Attack,15
B57,Sicilian Defense: Modern Variations |  Main Line,8
A15,English Opening: Anglo-Indian Defense |  Queen's Indian Formation,4
B20,Sicilian Defense: Wing Gambit |  Carlsbad Variation,6
E12,Queen's Indian Defense: Kasparov Variation,7
D32,Tarrasch Defense: Schara Gambit,8
C00,French Defense: Reti-Spielmann Attack,3
C10,French Defense: Paulsen Variation,5
C42,Russian Game: Millennium Attack,9
E61,King's Indian Defense: Smyslov Variation,9
D56,Queen's Gambit Declined: Lasker Defense,14
B32,Sicilian Defense: Open #2,6
B09,Pirc Defense: Austrian Attack |  Dragon Formation,10
C20,King's Pawn Game: Napoleon Attack,3
D02,Queen's Pawn Game: Anti-Torre,4
A46,Indian Game: London System,5
A00,Hungarian Opening: Slav Formation,4
B43,Sicilian Defense: Kan Variation |  Knight Variation,9
C06,French Defense: Tarrasch Variation |  Closed Variation |  Main Line,15
A53,Old Indian: Czech Variation,7
C40,Latvian Gambit Accepted |  Bilguer Variation,9
E71,King's Indian Defense: Makogonov Variation,9
C37,King's Gambit Accepted: King Knight's Gambit,6
B32,Sicilian Defense: Franco-Sicilian Variation,6
D31,Semi-Slav Defense: Marshall Gambit |  Main Line,11
A45,Indian Game,2
C51,Italian Game: Evans Gambit Declined,8
C20,Portuguese Opening: Portuguese Gambit,5
D00,Amazon Attack,3
E98,King's Indian Defense: Orthodox Variation |  Classical System,17
C41,Philidor Defense: Hanham Variation |  Krause Variation,9
C58,Italian Game: Two Knights Defense |  Polerio Defense |  Kieseritzky Variation,11
A46,Yusupov-Rubinstein System,5
B01,Scandinavian Defense: Main Line,6
C50,Italian Game: Schilling-Kostic Gambit,6
A13,English Opening: Agincourt Defense |  Catalan Defense,6
A00,Polish Opening: King's Indian Variation |  Schiffler Attack,5
E76,King's Indian Defense: Steiner Attack,11
B07,Pirc Defense: Kholmov System,7
C12,French Defense: MacCutcheon Variation |  Chigorin Variation,11
B02,Alekhine Defense: John Tracy Gambit,3
C77,Ruy Lopez: Morphy Defense |  Wormald Attack,9
B33,Sicilian Defense: Lasker-Pelikan Variation |  Retreat Variation,11
B39,Sicilian Defense: Accelerated Dragon |  Maroczy Bind |  Breyer Variation,14
D37,Queen's Gambit Declined: Three Knights Variation,7
B15,Caro-Kann Defense: Gurgenidze System,6
C42,Petrov's Defense #5,8
B10,Caro-Kann Defense: Two Knights Attack,5
B13,Caro-Kann Defense: Panov Attack |  Gunderam Attack,9
A04,Zukertort Opening: Pirc Invitation,2
B50,Sicilian Defense: Modern Variations |  Anti-Qxd4 Move Order,6
C60,Ruy Lopez: Cozio Defense |  Paulsen Variation,8
E20,Nimzo-Indian Defense: Kmoch Variation,7
B28,Sicilian Defense: O'Kelly Variation |  Normal System |  Taimanov Line,8
B41,Sicilian Defense: Kan Variation |  Maroczy Bind |  Hedgehog Variation,10
C45,Scotch Game: Mieses Variation,11
C00,St. George Defense,4
D01,Richter-Veresov Attack #2,6
D46,Semi-Slav Defense: Chigorin Defense,12
C94,Ruy Lopez: Morphy Defense |  Breyer Defense |  Quiet Variation,19
B12,Caro-Kann Defense: Advance Variation |  Bayonet Attack,7
D07,Queen's Gambit Refused: Chigorin Defense #2,5
A40,Queen's Pawn,1
B02,Alekhine Defense: Krejcik Variation,3
E73,King's Indian Defense: Averbakh Variation |  Flexible Defense,12
C10,French Defense: Rubinstein Variation |  Kasparov Attack,13
B00,Nimzowitsch Defense: Kennedy Variation |  de Smet Gambit,6
B00,Barnes Defense,2
C91,Ruy Lopez: Closed Variations |  Yates Variation,17
A24,English Opening: King's English Variation |  Two Knights Variation |  Fianchetto Line,6
B02,Alekhine Defense: Mokele Mbembe |  Vavra Defense,6
C24,Bishop's Opening: Urusov Gambit,7
C20,King's Pawn Game: Mengarini's Opening,3
C30,King's Gambit Declined |  Classical Variation,4
B20,Sicilian Defense: Bowdler Attack,3
C34,King's Gambit Accepted |  MacLeod Defense,6
B22,Sicilian Defense: Alapin Variation |  Stoltz Attack,11
C41,Philidor Defense: Nimzowitsch Variation,7
C31,King's Gambit Declined: Falkbeer |  Milner-Barry Variation,5
D80,Gruenfeld Defense: Stockholm Variation,7
C21,Center Game,5
B21,Sicilian Defense: Smith-Morra Gambit Accepted |  Fianchetto Defense,10
A15,English Opening: Anglo-Indian Defense |  Old Indian Formation,4
C03,French Defense: Tarrasch Variation,5
E94,King's Indian Defense: Orthodox Variation |  Glek Defense,14
A04,Zukertort Opening: Queenside Fianchetto Variation,2
D00,Blackmar-Diemer Gambit: Pietrowsky Defense,10
D00,Blackmar-Diemer Gambit #2,5
A09,Reti Opening,3
C15,French Defense: Winawer Variation |  Alekhine-Maroczy Gambit,7
C48,Four Knights Game: Rubinstein Countergambit |  Henneberger Variation,9
E90,King's Indian Defense: Normal Variation |  Rare Defenses,9
C42,Russian Game: Stafford Gambit,6
B01,Scandinavian Defense: Gubinsky-Melts Defense,6
A04,Zukertort Opening: Ross Gambit,2
C21,Center Game: Kieseritzky Variation #2,5
A48,Queen's Pawn Game: Colle System |  Gruenfeld Formation,8
A54,Old Indian Defense: Ukrainian Variation,6
C67,Ruy Lopez: Berlin Defense |  Rosenthal Variation,10
C00,French Defense: Franco-Hiva Gambit II,4
C50,Italian Game: Giuoco Pianissimo,7
C40,King's Knight Opening,3
D60,Queen's Gambit Declined: Orthodox Defense |  Botvinnik Variation,13
C44,Scotch Game: Scotch Gambit |  Cochrane-Anderssen Variation,12
A83,Dutch Defense: Staunton Gambit |  Nimzowitsch Variation,8
C22,Center Game: Hall Variation,7
C44,Scotch Game: Vitzthum Attack,11
C64,Ruy Lopez: Classical Variation |  Central Variation,7
B00,Goldsmith Defense,2
A21,English Opening: King's English Variation |  Kramnik-Shirov Counterattack,4
C36,King's Gambit Accepted |  Abbazia Defense,8
D34,Tarrasch Defense: Classical Variation |  Carlsbad Variation,17
D00,Queen's Pawn Game: Mason Attack,3
D95,Gruenfeld Defense: Botvinnik Variation,12
B28,Sicilian Defense: O'Kelly Variation |  Venice System |  Ljubojevic Line,6
A10,English Opening: Anglo-Scandinavian Defense,2
C53,Italian Game: Classical Variation |  La Bourdonnais Variation,12
D07,Queen's Gambit Refused: Chigorin Defense #3,6
A20,English Opening: King's English Variation |  Nimzowitsch-Flohr Variation,4
B32,Sicilian Defense: Open,5
D45,Semi-Slav Defense: Main Line,9
C01,French Defense: Carlson Gambit,7
E88,King's Indian Defense: Saemisch Variation |  Closed Variation |  7...c6,14
A00,Barnes Opening: Walkerling,5
C64,Ruy Lopez: Classical Variation |  Modern Main Line,13
D02,Queen's Pawn Game: Barry Attack |  Gruenfeld Variation,11
B01,Scandinavian Defense: Portuguese Variation,6
B00,Nimzowitsch Defense: Kennedy Variation,4
A00,Mieses Opening: Reversed Rat,2
B04,Alekhine Defense: Modern Variation |  Larsen-Haakert Variation,8
A01,Nimzo-Larsen Attack: Indian Variation,2
B00,Ware Defense,2
B28,Sicilian Defense: O'Kelly Variation |  Maroczy Bind |  Paulsen Line,6
C30,King's Gambit Declined |  Miles Defense,6
C83,Ruy Lopez: Open Variations |  Classical Defense,18
D35,Queen's Gambit Declined: Harrwitz Attack,7
D00,Queen's Pawn Game: Veresov Attack |  Shaviliuk Gambit,4
C11,French Defense: Classical Variation |  Delayed Exchange Variation,7
D15,Slav Defense: Chameleon Variation,8
C44,Ponziani Opening: Spanish Variation,7
A40,Englund Gambit Complex: Felbecker Gambit,6
A00,Grob Opening: Spike |  Hurst Attack,5
B20,Sicilian Defense: Brick Variation,3
C88,Ruy Lopez: Noah's Ark Trap,20
B32,Sicilian Defense: Nimzo-American Variation,8
E20,Nimzo-Indian Defense: Ragozin Variation,8
D37,Queen's Gambit Declined: Barmen Variation,8
A00,Polish Opening,1
A10,English Opening,1
D01,Queen's Pawn Game: Veresov Attack |  Boyce Defense,6
A01,Nimzo-Larsen Attack: Modern Variation #2,3
C92,Ruy Lopez: Closed Variations |  Flohr System,18
D15,Slav Defense: Alekhine Variation,9
E68,King's Indian |  Fianchetto |  Classical Variation |  8.e4,15
D10,Slav Defense #3,6
A20,English Opening: King's English Variation,2
B23,Sicilian Defense: Closed Variation |  Chameleon Variation,5
C45,Scotch Game: Horwitz Attack,9
A59,Benko Gambit Accepted |  Yugoslav |  without 7...Bxf1,13
B77,Sicilian Defense: Dragon Variation |  Yugoslav Attack #2,16
C18,French Defense: Winawer Variation |  Retreat Variation,10
B45,Sicilian Defense: Four Knights Variation,10
A42,Modern Defense: Averbakh System |  Kotov Variation,8
C70,Ruy Lopez: Morphy Defense |  Schliemann Defense Deferred,8
B07,Pirc Defense #3,6
D00,Queen's Pawn Opening: Veresov Attack |  Irish Gambit,4
A15,English Opening: Anglo-Indian Defense |  King's Knight Variation,3
C40,Elephant Gambit,4
B51,Sicilian Defense: Canal-Sokolsky Attack,5
B02,Alekhine Defense: Steiner Variation,7
A11,English Opening: Caro-Kann Defensive System,2
D04,Queen's Pawn Game: Colle System,5
C89,Ruy Lopez: Marshall Attack,16
A70,Benoni Defense: Classical Variation,13
B01,Scandinavian Defense: Kiel Variation,8
A00,Polish Opening: Queen's Indian Variation,6
A02,Bird Opening,1
C48,Four Knights Game: Spanish Variation |  Classical Variation,8
B40,Sicilian Defense: French Variation |  Normal,8
B80,Sicilian Defense: Scheveningen Variation |  English Attack #2,13
A03,Bird Opening: Dutch Variation,2
B11,Caro-Kann Defense,4
C17,French Defense: Winawer Variation |  Advance Variation,9
E87,King's Indian Defense: Saemisch Variation |  Closed Variation,13
C45,Scotch Game: Potter Variation,9
B22,Sicilian Defense: Alapin Variation |  Barmen Defense,6
A28,English Opening: King's English Variation |  Four Knights Variation #2,6
D59,Queen's Gambit Declined: Tartakower Defense |  Makogonov Exchange Variation,16
B00,Owen Defense: Smith Gambit,5
B77,Sicilian Defense: Dragon Variation |  Yugoslav Attack |  Sosonko Variation,18
B31,Sicilian Defense: Nyezhmetdinov-Rossolimo Attack |  Fianchetto Variation,6
B35,Sicilian Defense: Dragon Variation |  Modern Bc4 Variation,14
D44,Queen's Gambit Declined: Vienna Variation |  Quiet Variation,9
B01,Scandinavian Defense: Main Line |  Mieses Variation,8
D20,Queen's Gambit Accepted: Central Variation |  Greco Variation,6
A41,Wade Defense,4
C00,French Defense: King's Indian Attack,3
B00,Nimzowitsch Defense: French Connection,4
B00,Lemming Defense,2
B44,Sicilian Defense: Paulsen Variation,8
D02,Queen's Gambit Refused: Baltic Defense |  Pseudo-Slav,8
D15,Slav Defense: Two Knights Attack,8
C78,Ruy Lopez: Morphy Defense,9
A43,Benoni Defense: Benoni-Indian Defense,4
A07,King's Indian Attack: Keres Variation #2,4
E17,Queen's Indian Defense: Classical Variation,11
C02,French Defense: Advance Variation |  Nimzowitsch Gambit,9
D06,Queen's Gambit Refused: Marshall Defense,4
A40,Englund Gambit Declined |  Reversed French,3
A39,English Opening: Symmetrical Variation |  Mecking Variation,13
C53,Italian Game: Classical Variation #2,7
B03,Alekhine Defense #2,5
B72,Sicilian Defense: Dragon Variation |  Classical Variation #2,11
C46,Four Knights Game,6
E10,Indian Game: Anti-Nimzo-Indian,5
B46,Sicilian Defense: Paulsen Variation,10
C40,Latvian Gambit: Mlotkowski Variation,5
C26,Bishop's Opening: Vienna Hybrid |  Spielmann Attack,7
A41,Queen's Pawn,2
C65,Ruy Lopez: Berlin Defense #2,6
A05,King's Indian Attack: Wahls Defense,10
A46,Indian Game: Spielmann-Indian,4
E34,Nimzo-Indian Defense: Classical Variation |  Noa Variation,8
A34,English Opening: Symmetrical Variation |  Normal Variation,3
D38,Queen's Gambit Declined: Ragozin Defense |  Alekhine Variation,9
C44,Ponziani Opening,5
A97,Dutch Defense: Ilyin-Zhenevsky |  Winter Variation,15
B43,Sicilian Defense: Kan Variation |  Wing Attack,10
D13,Slav Defense: Exchange Variation,8
B00,King's Pawn,1
C60,Ruy Lopez: Schliemann Defense |  Jaenisch Gambit Accepted,7
C63,Ruy Lopez: Schliemann Defense,6
E64,King's Indian Defense: Fianchetto Variation |  Yugoslav System |  without Nc3,12
A00,Hungarian Opening: Sicilian Invitation,2
C64,Ruy Lopez: Classical Variation |  Zukertort Gambit,9
C45,Scotch Game: Paulsen Attack,13
C07,French Defense: Tarrasch Variation |  Chistyakov Defense,8
C41,Philidor Defense,5
B50,Sicilian Defense: Delayed Alapin,5
C55,Italian Game: Anti-Fried Liver Defense,6
A80,Dutch Defense,2
A30,English Opening: Symmetrical Variation,2
D35,Queen's Gambit Declined: Exchange Variation |  Positional Variation,10
A25,English Opening: King's English Variation |  Reversed Closed Sicilian,4
C17,French Defense: Winawer Variation |  Bogoljubov Variation,9
B07,Rat Defense: Harmonist,3
B27,Sicilian Defense: Hyperaccelerated Dragon,4
C60,Ruy Lopez: Fianchetto Defense,6
C01,French Defense: Perseus Gambit,5
B19,Caro-Kann Defense: Classical Variation |  Lobron System,24
B76,Sicilian Defense: Dragon Variation |  Yugoslav Attack |  Modern Line,17
A57,Benoni Defense: Hromadka System,6
C50,Italian Game: Hungarian Defense,6
D00,Queen's Pawn Game: Steinitz Countergambit,4
B07,Rat Defense: Antal Defense,4
B02,Alekhine Defense,2
B02,Alekhine Defense: Scandinavian Variation |  Geschev Gambit,6
B21,Sicilian Defense: Smith-Morra Gambit Declined |  Push Variation,6
D00,Blackmar-Diemer Gambit: Zeller Defense,6
C42,Russian Game: Paulsen Attack,7
B00,Guatemala Defense,4
D00,Blackmar-Diemer Gambit: Netherlands Variation,6
C14,French Defense: Classical Variation |  Pollock Variation,13
A53,Old Indian: Czech Variation |  with Nc3,6
D20,Queen's Gambit Accepted,4
C31,King's Gambit |  Falkbeer Countergambit |  Nimzowitsch-Marshall Countergambit,6
B01,Scandinavian Defense: Icelandic-Palme Gambit,6
E94,King's Indian Defense: Orthodox Variation |  Positional Defense,14
B44,Sicilian Defense: Paulsen Variation |  Szen Variation,9
B35,Sicilian Defense: Accelerated Dragon |  Modern Bc4 Variation,13
D41,Queen's Gambit Declined: Semi-Tarrasch |  San Sebastian Variation,18
A82,Dutch Defense: Staunton Gambit Accepted,4
C02,French Defense: Advance Variation,8
C63,Ruy Lopez: Schliemann Defense |  Tartakower Variation,10
B01,Scandinavian Defense: Main Line |  Leonhardt Gambit,7
B86,Sicilian Defense: Sozin Attack,11
A00,Crab Opening,3
C77,Ruy Lopez: Morphy Defense |  Tarrasch Variation,9
B10,Caro-Kann Defense: Accelerated Panov Attack |  Modern Variation,8
C46,Three Knights Opening #2,6
C41,Philidor Defense: Hanham Variation,6
C46,Three Knights Opening: Steinitz Defense,6
A51,Budapest Defense: Fajarowicz Variation,6
A73,Benoni Defense: Classical Variation |  Main Line,17
C54,Italian Game: Giuoco Piano |  Aitken Variation,19
B01,Scandinavian Defense: Modern Variation,5
C05,French Defense: Tarrasch Variation |  Closed Variation,6
A45,Trompowsky Attack: Classical Defense |  Big Center Variation,5
A03,Bird Opening: Williams Gambit,3
A58,Benko Gambit Accepted |  Fully Accepted Variation,9
C60,Ruy Lopez: Cozio Defense,6
A00,Van Geet Opening: Napoleon Attack,5
C75,Ruy Lopez: Morphy Defense |  Modern Steinitz Defense #2,10
C51,Italian Game: Evans Gambit |  Morphy Attack,17
B56,Sicilian Defense: Venice Attack,11
E32,Nimzo-Indian Defense: Classical Variation,7
B40,Sicilian Defense: Kramnik Variation,5
B27,Sicilian Defense: Quinteros Variation,4
C33,King's Gambit Accepted,4
A60,Benoni Defense: Modern Variation |  Snake Variation,10
A00,Hungarian Opening: Buecker Gambit,5
C60,Ruy Lopez: Spanish Countergambit,6
C01,French Defense: Mediterranean Defense,4
C57,Italian Game: Two Knights Defense |  Polerio Defense,10
E00,Indian Game: East Indian Defense,4
B50,Sicilian Defense,4
E77,King's Indian Defense: Six Pawns Attack,8
C37,King's Gambit Accepted |  Rosentreter-Testa Gambit,9
A00,Saragossa Opening,1
B95,Sicilian Defense: Najdorf Variation,12
C43,Russian Game: Modern Attack |  Center Attack,9
A99,Dutch Defense: Classical Variation |  Ilyin-Zhenevsky Variation |  Modern Main Line,15
C00,French Defense: Pelikan Variation,5
B87,Sicilian Defense: Sozin Attack |  Flank Variation,14
D51,Queen's Gambit Declined: Capablanca |  Anti-Cambridge Springs Variation,11
B12,Caro-Kann Defense #2,4
B10,Caro-Kann Defense #2,3
C38,King's Gambit Accepted |  Greco Gambit,12
E61,King's Indian Defense,6
E24,Nimzo-Indian Defense: Saemisch Variation |  Accelerated,9
C23,Bishop's Opening: Berlin Defense |  Greco Gambit,5
C91,Ruy Lopez: Closed Variations |  Yates Variation |  Short Attack,19
A52,Budapest Defense: Rubinstein Variation,7
C79,Ruy Lopez: Morphy Defense |  Steinitz Deferred,10
A36,English Opening: Symmetrical Variation |  Symmetrical Variation,8
A40,Australian Defense,2
E61,Indian Game: West Indian Defense,4
D03,Queen's Pawn Game: Torre Attack |  Gruenfeld Variation,6
C45,Scotch Game: Scotch Gambit |  Advance Variation,9
C36,King's Gambit Accepted |  Modern Defense,6
B84,Sicilian Defense: Scheveningen Variation |  Classical Variation #2,14
B23,Sicilian Defense: Closed Variation |  Korchnoi Defense,6
E15,Queen's Indian Defense: Fianchetto Variation,7
B56,Sicilian Defense: Modern Variations,9
E90,King's Indian Defense: Larsen Variation,11
C00,French Defense: Alapin Gambit,5
C30,King's Gambit Declined |  Mafia Defense,4
E53,Nimzo-Indian Defense: Normal Variation |  Gligoric System,12
A00,Polish Opening: Outflank Variation,2
B12,Caro-Kann Defense: Maroczy Variation |  Maroczy Gambit,11
B03,Alekhine Defense: Four Pawns Attack |  Fianchetto Variation,10
C53,Italian Game: Classical Variation |  Greco Gambit,12
C88,Ruy Lopez: Closed |  Anti-Marshall 8.a4,15
C66,Ruy Lopez: Berlin Defense |  Closed Wolf Variation,12
A06,Zukertort Opening: Santasiere's Folly,3
D00,Blackmar-Diemer Gambit,3
B90,Sicilian Defense: Najdorf Variation |  Adams Attack,11
C10,French Defense: Marshall Variation,6
B01,Scandinavian Defense: Panov Transfer,6
B01,Scandinavian Defense: Modern Variation #2,4
D37,Queen's Gambit Declined: Harrwitz Attack |  Two Knights Defense,12
D06,Queen's Gambit Refused: Chigorin Defense |  Modern Gambit,8
B24,Sicilian Defense: Closed Variation |  Fianchetto Variation,5
D00,Blackmar-Diemer Gambit: Euwe Defense,10
C05,French Defense: Tarrasch Variation |  Pawn Center Variation,9
B10,Caro-Kann Defense: Accelerated Panov Attack |  Open Variation,4
D02,Queen's Gambit Refused: Baltic Defense |  Queen Attack,5
B00,Nimzowitsch Defense: Kennedy Variation |  Paulsen Attack,7
D12,Slav Defense: Quiet Variation |  Schallopp Defense,8
C04,French Defense: Tarrasch Variation |  Guimard Defense |  Main Line,8
C69,Ruy Lopez: Exchange Variation |  Gligoric Variation,10
C53,Italian Game: Classical Variation |  Center Attack,9
C46,Four Knights Game: Halloween Gambit,7
E14,Queen's Indian Defense: Spassky System,7
D06,Queen's Gambit Refused: Austrian Attack |  Salvio Countergambit,6
D30,Queen's Gambit Declined: Tarrasch Defense |  Pseudo-Tarrasch,6
C60,Ruy Lopez: Alapin Defense,6
A13,English Opening: Agincourt Defense #2,4
D24,Queen's Gambit Accepted: Gunsberg Defense |  Prianishenmo Gambit,13
D20,Queen's Gambit Accepted: Central Variation |  Rubinstein Defense,6
C31,King's Gambit |  Falkbeer Countergambit |  Hinrichsen Gambit,5
A21,English Opening: King's English Variation |  Keres Defense,6
A80,Dutch Defense: Raphael Variation,3
B20,Sicilian Defense: Staunton-Cochrane Variation,3
C28,Vienna Game: Stanley Variation |  Three Knights Variation,6
B07,Rat Defense: Accelerated Gurgenidze,6
C54,Italian Game: Classical Variation |  Greco Gambit |  Main Line,16
A45,Indian Game: Pawn Push Variation,3
B03,Alekhine Defense: Balogh Variation,7
C42,Russian Game: Classical Attack |  Closed Variation,10
C65,Ruy Lopez: Berlin Defense,7
A07,King's Indian Attack: Pachman System,10
A00,Polish Opening: Birmingham Gambit,2
B56,Sicilian Defense: Classical Variation,10
B00,Goldsmith Defense: Picklepuss Defense,4
C20,King's Pawn Game: Leonardis Variation,3
C58,Italian Game: Two Knights Defense |  Polerio Defense |  Bishop Check Line,11
C59,Italian Game: Two Knights Defense |  Polerio Defense |  Suhle Defense,16
D31,Queen's Gambit Declined: Queen's Knight Variation,5
B20,Sicilian Defense: Kronberger Variation,3
B02,Alekhine Defense: Saemisch Attack,5
C68,Ruy Lopez: Exchange |  Alekhine Variation,14
A84,Dutch Defense: Normal Variation,4
B10,Caro-Kann Defense: Masi Variation,4
C25,Vienna Game: Omaha Gambit,5
C42,Petrov's Defense,4
C08,French Defense: Tarrasch |  Open |  4.exd5 exd5,8
A04,Zukertort Opening: Basman Defense,2
B13,Caro-Kann Defense: Panov Attack #2,7
D05,Colle System: Traditional Colle,9
A43,Benoni Defense: Old Benoni,4
A00,Mieses Opening,1
B07,Pirc Defense: Byrne Variation,7
B72,Sicilian Defense: Dragon |  Classical Attack,13
C52,Italian Game: Evans Gambit |  Pierce Defense,12
B20,King's Pawn Opening: Speers,5
D91,Gruenfeld Defense: Three Knights Variation |  Petrosian System,9
D17,Slav Defense: Czech Variation,10
A00,Van Geet Opening: Berlin Gambit,7
C42,Petrov's Defense #4,7
A07,King's Indian Attack,3
B19,Caro-Kann Defense: Classical |  7...Nd7,14
A43,Benoni Defense: Benoni Gambit |  Schlenker Defense,4
C23,Bishop's Opening: Philidor Variation,5
E60,Indian Game: Anti-Gruenfeld |  Advance Variation,5
B73,Sicilian Defense: Dragon Variation |  Classical Variation,15
A44,Semi-Bononi,6
C14,French Defense: Classical Variation |  Alapin Variation,13
A22,English Opening: Carls-Bremen System,5
C11,French Defense: Classical Variation |  Swiss Variation,7
B28,Sicilian Defense: Double-Dutch Gambit,6
B00,Nimzowitsch Defense: Scandinavian Variation |  Bogoljubov Variation |  Heinola-Deppe Gambit,6
A22,English Opening: King's English Variation |  Two Knights Variation |  Smyslov System,6
D08,Queen's Gambit Refused: Albin Countergambit,4
B08,Pirc Defense: Classical Variation |  Schlechter Variation,9
A46,Indian Game: Wade-Tartakower Defense,4
D50,Queen's Gambit Declined: Pseudo-Tarrasch Variation,9
B21,Sicilian Defense: Smith-Morra Gambit Accepted |  Scheveningen Formation,12
A15,English Opening: Anglo-Indian Defense |  Scandinavian Defense |  Exchange Variation,6
E11,Bogo-Indian Defense: Nimzowitsch Variation,8
D01,Queen's Pawn Game: Veresov Attack |  Veresov Variation,7
C42,Russian Game: Classical Attack |  Chigorin Variation,15
C57,Italian Game: Two Knights Defense |  Knight Attack |  Normal Variation,8
A40,Englund Gambit,2
B06,Modern Defense: Norwegian Defense,4
A08,King's Indian Attack: French Variation,6
E73,King's Indian Defense: Averbakh Variation |  Modern Defense,12
C27,Vienna Game #2,6
C66,Ruy Lopez: Berlin Defense |  Hedgehog Variation,12
C24,Bishop's Opening: Warsaw Gambit,7
B40,Sicilian Defense: Pin Variation,10
D16,Slav Defense: Soultanbeieff Variation,10
E11,Bogo-Indian Defense: Exchange Variation,8
A30,English Opening: Symmetrical Variation |  Hedgehog Defense,12
C34,King's Gambit Accepted |  Becker Defense,6
C00,French Defense #2,2
C30,King's Gambit Declined |  Queen's Knight Defense,4
C88,Ruy Lopez: Closed |  7...O-O,14
C02,French Defense: Advance Variation |  Euwe Variation,10
C16,French Defense: Winawer Variation |  Advance Variation,7
D25,Queen's Gambit Accepted: Deferred Variation,6
A16,English Opening: Anglo-Indian Defense |  Anglo-Gruenfeld Variation,10
D21,Queen's Gambit Accepted: Rosenthal Variation,6
D08,Queen's Gambit Refused: Albin Countergambit |  Lasker Trap,10
A33,English Opening: Symmetrical Variation |  Anti-Benoni Variation |  Spielmann Defense,10
A56,Benoni Defense: Czech Benoni Defense,6
C37,King's Gambit Accepted |  Salvio Gambit,9
B90,Sicilian Defense: Najdorf Variation |  English Attack |  Anti-English,12
B27,Sicilian Defense: Mongoose Variation,4
C50,Italian Game,5
B07,King's Pawn Game: Philidor Gambit,6
A54,Old Indian Defense: Two Knights Variation,7
B00,Carr Defense,2
D50,Queen's Gambit Declined: Been-Koomen Variation,8
B24,Sicilian Defense: Closed #2,8
C31,King's Gambit |  Falkbeer Countergambit |  Staunton Line,6
A36,English Opening: Symmetrical Variation |  Botvinnik System Reversed,10
E50,Nimzo-Indian Defense: Normal Variation |  Huebner Deferred,10
C50,Italian Game: Giuoco Pianissimo |  Canal Variation,11
C44,Scotch Game: Goering Gambit |  Double Pawn Sacrifice,9
A35,English Opening: Symmetrical Variation |  Two Knights Variation,4
C01,French Defense: Exchange Variation,5
B21,Sicilian Defense: McDonnell Attack,3
D78,Neo-Gruenfeld Defense: Classical Variation |  Polgar Variation,12
B01,Scandinavian Defense: Modern Variation |  Gipslis Variation,8
B80,Sicilian Defense: Scheveningen Variation |  Vitolins Variation,11
B32,Sicilian Defense: Open #3,11
D34,Tarrasch Defense: Classical Variation |  Advance Variation,18
A13,English Opening: Agincourt Defense #3,3
A21,English Opening: King's English Variation,5
B29,Sicilian Defense: Nimzowitsch Variation |  Advance Variation,5
C51,Italian Game: Evans Gambit |  Harding Variation,15
B21,Sicilian Defense: Smith-Morra Gambit Accepted |  Morphy Defense,12
A01,Nimzo-Larsen Attack: Modern Variation #3,4
D93,Gruenfeld Defense: Three Knights Variation |  Hungarian Variation,11
C34,King's Gambit Accepted |  Schallopp Defense,6
D00,Queen's Pawn Game: Chigorin Variation,3
B02,Alekhine Defense: Two Pawn Attack,5
C03,French Defense: Tarrasch Variation |  Morozevich Variation,6
B40,Sicilian Defense: Delayed Alapin Variation,5
A80,Dutch Defense: Korchnoi Attack,3
C41,Philidor Defense #2,4
C21,Danish Gambit Accepted |  Copenhagen Defense,10
B34,Sicilian Defense: Accelerated Dragon,8
D02,Queen's Pawn Game: Krause Variation,4
D44,Queen's Gambit Declined: Vienna Variation,8
A28,English Opening: King's English Variation |  Four Knights Variation |  Flexible Line,7
A25,English Opening: King's English Variation |  Taimanov Variation,8
C00,French Defense: Horwitz Attack,3
B11,Caro-Kann Defense: Two Knights Attack |  Mindeno Variation |  Retreat Line,8
B40,Sicilian Defense: French Variation |  Westerinen Attack,5
D45,Semi-Slav Defense: Normal Variation,10
D45,Semi-Slav Defense: Stoltz Variation,11
B00,Nimzowitsch Defense: Lean Variation |  Colorado Counter Accepted,5
A22,English Opening: King's English Variation |  Two Knights Variation,4
E61,King's Indian Defense: Semi-Classical Variation |  Benoni Variation,12
B03,Alekhine Defense: Four Pawns Attack |  Trifunovic Variation,10
B10,Caro-Kann Defense: Breyer Variation,3
A50,Mexican Defense: Horsefly Gambit,7
D24,Queen's Gambit Accepted: Showalter Variation,7
C20,King's Pawn Game: Wayward Queen Attack |  Kiddie Countergambit,4
C13,French Defense: Alekhine-Chatard Attack |  Breyer Variation,12
E61,King's Indian Defense: 3.Nc3,5
C10,French Defense: Rubinstein Variation,6
D00,Blackmar-Diemer Gambit Declined |  Weinsbach Declination,8
B50,Sicilian Defense: Wing Gambit |  Deferred Variation,5
B41,Sicilian Defense: Kan Variation,8
D40,Queen's Gambit Declined: Semi-Tarrasch Defense,8
C60,Ruy Lopez: Rotary-Albany Gambit,6
B53,Sicilian Defense: Modern Variations |  Tartakower,7
C44,King's Knight Opening: Konstantinopolsky,5
C41,Philidor Defense: Larsen Variation,8
C18,French Defense: Winawer Variation |  Poisoned Pawn Variation,13
C59,Italian Game: Two Knights Defense |  Steinitz Variation,17
B00,Nimzowitsch Defense: Scandinavian Variation |  Bogoljubov Variation |  Vehre Variation,6
D87,Gruenfeld Defense: Exchange Variation |  Spassky Variation,16
A06,Zukertort Opening: Tennison Gambit,3
B07,Lion Defense: Anti-Philidor |  Lion's Cave,8
B09,Pirc Defense: Austrian Attack #2,10
A00,Polish Opening: Tartakower Gambit,5
D31,Semi-Slav Defense: Noteboom Variation |  Abrahams Variation,16
C64,Ruy Lopez: Classical Variation,6
A04,Zukertort Opening: Slav Invitation,2
B15,Caro-Kann Defense,5
A17,English Opening: Anglo-Indian Defense |  Hedgehog System,4
D35,Queen's Gambit Declined: Exchange Variation,7
B00,King's Pawn Game: Nimzowitsch Defense,3
A00,Hungarian Opening,1
C46,Four Knights Game: Gunsberg Variation,7
D00,Blackmar-Diemer Gambit: von Popiel Gambit,7
D15,Slav Defense: Three Knights Variation,7
B04,Alekhine Defense: Modern Variation |  Larsen Variation,8
A40,Mikenas Defense: Cannstatter Variation,6
A45,Trompowsky Attack: Classical Defense,4
C68,Ruy Lopez: Exchange Variation,7
A65,Benoni Defense: King's Pawn Line,11
C21,Center Game: Kieseritzky Variation #4,7
C00,French Defense: Queen's Knight,3
D53,Queen's Gambit Declined: 4.Bg5 Be7,8
B94,Sicilian Defense: Najdorf Variation,11
A81,Dutch Defense: Semi-Leningrad Variation,6
A04,Zukertort Opening: Kingside Fianchetto,2
B10,Caro-Kann Defense: Euwe Attack,3
A10,English Opening: Anglo-Lithuanian Variation,2
C21,Danish Gambit Accepted |  Schlechter Defense,10
E50,Nimzo-Indian Defense: 4.e3 e8g8 |  5.Nf3 |  without ...d5,9
B76,Sicilian Defense: Dragon Variation |  Yugoslav Attack |  Belezky Line,14
A15,English Opening: Anglo-Indian Defense |  King's Indian Formation,4
E32,Nimzo-Indian Defense: Classical Variation |  Keres Defense,12
D51,Queen's Gambit Declined: Modern |  Knight Defense,10
E11,Bogo-Indian Defense: Wade-Smyslov Variation,8
C25,Vienna Game: Paulsen Variation,5
D80,Gruenfeld Defense,6
B28,Sicilian Defense: O'Kelly Variation |  Yerevan System,5
A50,Slav Indian,4
C28,Vienna Game: Vienna Gambit,5
B54,Sicilian Defense #2,6
B06,Modern Defense: Geller's System,7
A04,Zukertort Opening: The Walrus,6
A00,Van Geet Opening,1
A40,Englund Gambit Declined |  Reversed Krebs,4
D52,Queen's Gambit Declined,11
C71,Ruy Lopez: Noah's Ark Trap,16
B02,Alekhine Defense: Brooklyn Variation,4
B90,Sicilian Defense: Najdorf Variation,10
B01,Scandinavian Defense: Blackburne-Kloosterboer Gambit,4
C00,French Defense: Steiner Variation,3
D02,Queen's Pawn Game: Chigorin Variation,4
B12,Caro-Kann Defense: Advance Variation |  Short Variation,7
A38,English Opening: Symmetrical Variation |  Full Symmetry Line,10
A18,English Opening: Mikenas-Carls Variation #2,5
B52,Sicilian Defense: Canal-Sokolsky Attack |  Sokolsky Variation,9
A12,Reti Opening: Anglo-Slav Variation |  Bogoljubov Variation |  III,5
C55,Italian Game: Two Knights Defense |  Modern Bishop's Opening,7
D40,Queen's Gambit Declined: Semi-Tarrasch Defense |  Pillsbury Variation,9
C72,Ruy Lopez: Morphy Defense |  Modern Steinitz Defense,9
D31,Queen's Gambit Declined: Alapin Variation,6
C80,Ruy Lopez: Open Variations |  Riga Variation,12
C40,Latvian Gambit Accepted,5
C21,Center Game: Kieseritzky Variation #3,6
B01,Scandinavian Defense: Anderssen Counterattack |  Collijn Variation,10
D10,Slav Defense: Exchange Variation,5
C30,King's Gambit Declined: Classical |  Soldatenkov Variation,7
E30,Nimzo-Indian Defense: Leningrad Variation,7
C21,Center Game Accepted,4
B33,Sicilian Defense: Open,8
A00,Van Geet Opening: Dunst-Perrenet Gambit,5
B00,Borg Defense: Borg Gambit,4
B84,Sicilian Defense: Najdorf Variation |  Scheveningen Variation,14
B07,Lion Defense: Lion's Jaw,5
C21,Danish Gambit Declined |  Sorensen Defense,6
C50,Giuoco Piano,6
A40,Englund Gambit Complex: Soller Gambit Deferred,6
A46,Torre Attack: Classical Defense |  Nimzowitsch Variation,6
A00,Van't Kruijs Opening,1
E33,Nimzo-Indian Defense: Classical Variation |  Zurich Variation,8
B09,Pirc Defense: Austrian Attack |  Kurajica Variation,11
C42,Russian Game: Damiano Variation |  Kholmov Gambit,8
C77,Ruy Lopez: Morphy Defense |  Anderssen Variation,9
D21,Queen's Gambit Accepted: Normal Variation,5
C23,Bishop's Opening: Lewis Gambit,5
E81,King's Indian Defense: Saemisch Variation |  Normal Defense,10
E18,Queen's Indian Defense: Classical Variation |  Traditional Variation |  Nimzowitsch Line,14
B56,Sicilian Defense: Spielmann Variation,11
C27,Vienna Game,3
B12,Caro-Kann Defense: Advance Variation |  Van der Wiel Attack,7
C00,Queen's Pawn Game: Franco-Sicilian Defense,4
E92,King's Indian Defense: Exchange Variation,13
A00,Kadas Opening,1
C41,Philidor Defense: Philidor Countergambit,6
C69,Ruy Lopez: Exchange Variation |  Normal Variation,9
C62,Ruy Lopez: Steinitz Defense |  Nimzowitsch Attack,11
B06,Modern Defense: Two Knights Variation |  Suttles Variation,8
A00,Hungarian Opening: Symmetrical Variation,2
C41,Philidor Defense: Alapin-Blackburne Gambit,8
B21,Sicilian Defense: Smith-Morra Gambit Accepted |  Paulsen Formation,12
C53,Italian Game: Classical Variation,8
C48,Four Knights Game: Spanish Variation |  Rubinstein Variation,8
C34,King's Gambit Accepted |  Fischer Defense,6
A10,English Opening: Great Snake Variation,2
E15,Queen's Indian Defense: Fianchetto Traditional,8
C01,French Defense: Franco-Hiva Gambit I Accepted,6
C67,Ruy Lopez: Berlin Defense |  Minckwitz Variation,11
B40,Sicilian Defense: Smith-Morra Gambit Deferred,7
C00,Rat Defense: Small Center Defense,4
B00,Nimzowitsch Defense: Breyer Variation,6
E70,King's Indian Defense: Accelerated Averbakh Variation,9
E42,Nimzo-Indian Defense: Huebner Variation |  Rubinstein Variation,9
D47,Semi-Slav Defense: Meran Variation |  Wade Variation,16
D55,Queen's Gambit Declined: Anti-Tartakower Variation,13
B00,Duras Gambit,2
C57,Italian Game: Two Knights Defense |  Ulvestad Variation,10
B00,Nimzowitsch Defense: Kennedy Variation |  Paulsen Attack,13
A54,Old Indian Defense: Tartakower-Indian,6
B18,Caro-Kann Defense: Classical Variation |  Main Line,11
A06,Reti Opening,2
D00,Queen's Pawn Game: Stonewall Attack,5
B15,Caro-Kann Defense: Main Line,7
A10,English Opening: Anglo-Dutch Defense,2
D44,Semi-Slav Defense: Anti-Moscow Gambit,11
B36,Sicilian Defense: Accelerated Dragon,8
D07,Queen's Gambit Refused: Chigorin Defense |  Exchange Variation,6
A01,Nimzo-Larsen Attack: Spike Variation,5
C20,King's Pawn Game: Bavarian Gambit,4
B92,Sicilian Defense: Najdorf Variation |  Opocensky Variation |  Traditional Line,16
A85,Dutch Defense: Queen's Knight Variation,5
A00,Grob Opening: Grob Gambit |  Fritz Gambit,5
A43,Benoni Defense: Cormorant Gambit,4
A49,Zukertort Opening: Double Fianchetto Attack,11
B96,Sicilian Defense: Najdorf Variation |  Polugaevsky Variation,14
C21,Center Game #2,3
B21,Sicilian Defense: Morphy Gambit,5
B02,Alekhine Defense: Scandinavian Variation,4
E56,Nimzo-Indian Defense: Normal Variation |  Gligoric System |  Bernstein Defense,14
D94,Gruenfeld Defense: Three Knights Variation |  Paris Variation,11
E21,Nimzo-Indian Defense: Three Knights Variation,7
C44,Scotch Gambit,11
D21,Queen's Gambit Accepted: Slav Gambit,6
B00,Nimzowitsch Defense: Scandinavian Variation |  Bogoljubov Variation,5
D02,Queen's Gambit Refused: Baltic Defense |  Pseudo-Chigorin,8
C53,Italian Game: Classical Variation |  Albin Gambit,9
C23,Bishop's Opening: Khan Gambit,4
A15,English Opening: Anglo-Indian Defense,2
C00,French Defense,4
C42,Russian Game: Damiano Variation,6
B29,Sicilian Defense: Nimzowitsch Variation,4
C41,Philidor Defense: Bird Gambit,7
C30,King's Gambit,3
A48,Torre Attack,5
B28,Sicilian Defense: O'Kelly Variation |  Normal System,5
B20,Sicilian Defense,2
A02,Bird Opening: Dutch Variation |  Dudweiler Gambit,3
D00,Queen's Pawn Opening: Veresov |  Richter Attack,5
A00,Gedult's Opening,1
B30,Sicilian Defense: Nyezhmetdinov-Rossolimo Attack,5
B12,Caro-Kann Defense: Advance Variation |  Botvinnik-Carls Defense,6
A50,Queen's Indian Accelerated,4
C89,Ruy Lopez: Marshall Attack |  Modern Variation,22
B11,Caro-Kann Defense: Two Knights Attack |  Mindeno Variation,6
D85,Gruenfeld Defense: Exchange Variation,8
D58,Queen's Gambit Declined: Tartakower Defense,14
C22,Center Game: Berger Variation,8
C00,French Defense: Horwitz Attack |  Papa-Ticulat Gambit,5
A43,Old Benoni Defense,2
C40,King's Pawn Game: Damiano Defense,4
B00,Nimzowitsch Defense |  Declined Variation,3
D00,Blackmar-Diemer Gambit: Tartakower Variation,10
C42,Russian Game: Moody Gambit,7
D00,Blackmar-Diemer Gambit Declined |  Lamb Defense,8
E95,King's Indian |  Orthodox |  7...Nbd7 8.Re1,15
B14,Caro-Kann Defense: Panov Attack,10
C45,Scotch Game: Steinitz Variation,8
E92,King's Indian Defense: Petrosian Variation |  Stein Defense,14
A49,Indian Game: Przepiorka Variation,5
B48,Sicilian Defense: Paulsen Variation |  Bastrikov Variation |  English Attack,13
D26,Queen's Gambit Accepted: Normal Variation |  Traditional System,8
A81,Dutch Defense: Fianchetto Attack,3
A29,English Opening: King's English Variation |  Four Knights Variation |  Fianchetto Line,7
A00,Valencia Opening,3
A06,Zukertort Opening: Old Indian Attack,3
C45,Scotch Game: Schmidt Variation,8
D07,Queen's Gambit Refused: Chigorin Defense |  Janowski Variation,7
C88,Ruy Lopez: Closed |  8.c3,15
C51,Italian Game: Jerome Gambit,7
C54,Italian Game: Classical Variation |  Greco Gambit |  Greco Variation,16
C46,Three Knights Opening: Winawer Defense,6
A48,Indian Game: Colle System |  King's Indian Variation,8
D12,Slav Defense: Quiet Variation |  Pin Defense,8
D57,Queen's Gambit Declined: Tartakower Variation |  Exchange Variation,16
D30,Semi-Slav Defense: Quiet Variation,10
C25,Vienna Game: Vienna Gambit,5
C70,Ruy Lopez: Morphy Defense |  Norwegian Variation |  Nightingale Gambit,11
A80,Dutch Defense: Omega-Isis Gambit,4
B21,Sicilian Defense: Smith-Morra Gambit Accepted |  Kan Formation,10
B00,Hippopotamus Defense #2,2
A00,Ware Opening,1
A40,Modern Defense,2
C25,Vienna Game: Max Lange Defense,4
D46,Semi-Slav Defense: Main Line,11
A45,Trompowsky Attack,3
C56,Italian Game: Scotch Gambit |  Double Gambit Accepted,10
D41,Queen's Gambit Declined: Semi-Tarrasch Defense |  Exchange Variation,11
D00,Queen's Pawn Game #3,4
B00,Borg Defense,2
D05,Colle System #2,7
C45,Scotch Game: Malaniuk Variation,8
C30,King's Gambit Accepted |  Dodo Variation,5
A40,Modern Defense: Beefeater Variation,10
B25,Sicilian Defense: Closed Variation |  Traditional,4
C55,Italian Game: Scotch Gambit Declined,8
C53,Italian Game: Bird's Attack,9
D18,Slav Defense: Czech Variation |  Classical System,11
B28,Sicilian Defense: O'Kelly Variation |  Reti System,5
A40,English Defense,4
E00,Amar Opening,1
E01,Catalan Opening: Closed Variation,7
A00,Polish Opening: King's Indian Variation,4
A23,English Opening: King's English Variation |  Two Knights Variation |  Keres Variation,6
C70,Ruy Lopez: Morphy Defense |  Cozio Defense,8
D76,Neo-Gruenfeld Defense: Delayed Exchange Variation,14
D06,Queen's Gambit Refused: Austrian Defense,4
A00,Grob Opening: Grob Gambit,3
C74,Ruy Lopez: Morphy Defense |  Modern Steinitz Defense,9
C13,French Defense: Classical Variation |  Normal Variation,8
C55,Italian Game: Two Knights Defense |  Perreux Variation,9
D00,Blackmar-Diemer Gambit Declined |  Brombacher Countergambit,8
C40,Latvian Gambit,4
C57,Italian Game: Two Knights Defense |  Knight Attack,7
D77,Neo-Gruenfeld Defense: Classical Variation,11
D46,Semi-Slav Defense: Bogoljubov Variation,12
E48,Nimzo-Indian Defense: Normal Variation |  Bishop Attack |  Classical Defense,10
C39,King's Gambit Accepted: Allgaier |  Schlechter Defense,10
C15,French Defense: Winawer Variation,6
C65,Ruy Lopez: Berlin Defense |  Fishing Pole Variation,8
B71,Sicilian Defense: Dragon Variation |  Levenfish Variation,11
C02,French Defense: Advance Variation |  Nimzowitsch Attack,7
C50,Italian Game: Giuoco Pianissimo |  Italian Four Knights Variation,9
C54,Italian Game: Giuoco Piano |  Bernstein Variation,20
C77,Ruy Lopez: Morphy Defense |  Mackenzie Variation,9
C51,Italian Game: Evans Gambit |  Anderssen Variation,10
B06,Modern Defense: Mongredien Defense #2,6
B07,Pirc Defense #5,3
C00,French Defense: Banzai-Leong Gambit,3
B40,Sicilian Defense: Marshall Counterattack,6
A00,Anderssen Opening,1
C53,Italian Game: Classical Variation |  Closed Variation,8
A40,Englund Gambit Complex: Hartlaub-Charlick Gambit,4
B22,Sicilian Defense: Alapin Variation |  Barmen Defense |  Central Exchange,12
C60,Ruy Lopez: Nuernberg Variation,6
A04,Polish Opening: Zukertort System,3
A01,Nimzo-Larsen Attack: Modern Variation #4,5
A15,English Opening: Anglo-Indian Defense |  Scandinavian Defense,4
A09,Reti Opening: Reti Accepted,4
A43,Franco-Benoni Defense,5
B20,Sicilian Defense: Myers Attack,3
C23,Bishop's Opening,3
D55,Queen's Gambit Declined: Modern Variation |  Normal Line,11
C43,Russian Game: Modern Attack |  Center Variation,7
A06,Nimzowitsch-Larsen Attack,3
B45,Sicilian Defense: Four Knights Variation |  Exchange Variation,11
E51,Nimzo-Indian Defense: Normal Variation |  Ragozin Variation,10
C41,Philidor Defense: Exchange Variation #2,7
D07,Queen's Gambit Refused: Chigorin Defense,4
E52,Nimzo-Indian Defense: Normal Variation |  Schlechter Defense,12
A04,Zukertort Opening: Black Mustang Defense,2
D26,Queen's Gambit Accepted: Classical Defense |  Steinitz Variation |  Exchange Variation,12
D00,Blackmar-Diemer Gambit: Vienna Variation,8
D15,Slav Defense: Schlechter Variation,8
C45,Scotch Game: Fraser Variation,9
A60,Benoni Defense: Modern Variation,6
B17,Caro-Kann Defense: Karpov Variation |  Tiviakov-Fischer Attack,12
C33,King's Gambit Accepted |  Bishop's Gambit,5
A45,Indian Game: Tartakower Attack,3
A00,Clemenz Opening,1
C60,Ruy Lopez,5
D51,Queen's Gambit Declined: Modern |  Knight Defense #3,9
C30,King's Gambit Declined |  Keene Defense,6
B57,Sicilian Defense: Sozin |  not Scheveningen,11
C20,King's Pawn Game: King's Head Opening #2,3
C35,King's Gambit Accepted |  Cunningham Defense,6
D50,Queen's Gambit Declined: Modern Variation,7
A89,Dutch Defense: Leningrad Variation |  Matulovic Variation,14
B08,Pirc Defense: Classical Variation |  Quiet System |  Chigorin Line,12
C57,Italian Game: Two Knights Defense |  Fried Liver Attack,11
B78,Sicilian Defense: Dragon Variation |  Yugoslav Attack,19
C55,Italian Game: Scotch Gambit |  Walbrodt-Baird Gambit,11
B32,Sicilian Defense: Kalashnikov Variation,10
B34,Sicilian Defense: Accelerated Dragon |  Exchange Variation,9
C44,King's Pawn Game: Tayler Opening,5
C68,Ruy Lopez: Columbus Variation,7
A50,Mexican Defense,4
D37,Queen's Gambit Declined: Harrwitz Attack |  Orthodox Defense,12
B07,Pirc Defense,4
C40,King's Pawn Game: Gunderam Gambit,4
C92,Ruy Lopez: Closed Variations,17
D30,Queen's Gambit Declined: Capablanca,8
D20,Queen's Gambit Accepted: Central Variation |  Modern Defense,6
C00,French Defense: La Bourdonnais Variation,3
D53,Queen's Gambit Declined: 4.Bg5 Be7 |  5.e3 O-O,10
C66,Ruy Lopez: Berlin Defense |  Improved Steinitz Defense,8
B23,Sicilian Defense: Grand Prix Attack,5
A28,English Opening: King's English Variation |  Four Knights Variation |  Quiet Line #3,7
A20,English Opening: King's English Variation |  Nimzowitsch Variation,3
D24,Queen's Gambit Accepted: Bogoljubov Defense,9
A35,English Opening: Symmetrical Variation |  Four Knights Variation,6
D30,Queen's Gambit Declined,4
C45,Scotch Game: Alekhine Gambit,9
C22,Center Game: Normal Variation,6
C42,Russian Game: Nimzowitsch Attack,9
C42,Russian Game: Cochrane Gambit,7
C63,Ruy Lopez: Schliemann Defense |  Exchange Variation,7
C78,Ruy Lopez: Morphy Defense #2,12
D30,Queen's Gambit Declined: Traditional Variation,7
A17,English Opening: Anglo-Indian Defense |  Anti-Anti-Gruenfeld,7
B00,Nimzowitsch Defense: Franco-Nimzowitsch Variation,4
C26,Vienna Game: Mieses Variation,5
A48,London System,5
B06,Pterodactyl Defense: Western |  Rhamphorhynchus,8
A91,Dutch Defense: Classical Variation,8
C70,Ruy Lopez: Morphy Defense |  Graz Variation,10
D01,Queen's Pawn Game: Veresov Attack |  Classical Defense,7
C20,King's Pawn Game: Macleod Attack,3
B88,Sicilian Defense: Sozin Attack |  Leonhardt Variation,12
D11,Slav Defense: Quiet Variation,7
C78,Ruy Lopez: Morphy Defense |  Arkhangelsk Variation,12
D20,Queen's Gambit Accepted: Old Variation,5
B81,Sicilian Defense: Scheveningen Variation |  Keres Attack,11
D05,Rubinstein Opening,9
C55,Italian Game: Scotch Gambit |  de Riviere Defense,10
A04,Zukertort Opening: Vos Gambit,4
A16,English Opening: Anglo-Gruenfeld Defense,4
B29,Sicilian Defense: Nimzowitsch Variation |  Closed Variation,5
B21,Sicilian Defense: Smith-Morra Gambit Declined |  Wing Formation,6
A40,Englund Gambit Complex Declined,3
E17,Queen's Indian Defense: Classical Variation |  Tiviakov Defense,14
E17,Queen's Indian Defense: Classical Variation |  Traditional Variation,13
A70,Benoni Defense: Classical Variation |  New York Variation,15
A00,Hungarian Opening: Reversed Modern Defense,4
A71,Benoni Defense: Classical Variation |  Averbakh-Grivas Attack,15
C41,Philidor Defense: Nimzowitsch Variation #2,6
C36,King's Gambit Accepted: Modern Defense #2,7
C41,Philidor Defense: Lion Variation |  Lion's Claw II,12
C49,Four Knights Game: Double Spanish,8
E27,Nimzo-Indian Defense: Saemisch Variation,10
C00,French Defense: Two Knights Variation,5
A00,Hungarian Opening: Indian Defense,2
C51,Italian Game: Evans Gambit Declined |  5.a4,9
B08,Pirc Defense: Classical Variation |  Quiet System |  Czech Defense,12
C90,Ruy Lopez: Closed Variations |  Pilnik Variation,17
A47,Queen's Indian Defense,4
D52,Queen's Gambit Declined: Cambridge Springs Defense: Capablanca Variation,13
B28,Sicilian Defense: O'Kelly Variation |  Venice System,5
D92,Gruenfeld Defense: Three Knights Variation |  Hungarian Attack,9
B15,Caro-Kann Defense: Rasa-Studier Gambit,7
C21,King's Pawn Game: Beyer Gambit,4
C54,Italian Game: Classical Variation |  Greco Gambit |  Traditional Line,11
B23,Sicilian Defense: Closed #2,5
A40,Polish Defense,2
A07,King's Indian Attack: Sicilian Variation,4
A16,English Opening: Anglo-Indian Defense |  Anglo-Gruenfeld Variation #3,7
C02,French Defense: Advance |  Steinitz Variation,7
A42,Modern Defense: Averbakh Variation,7
D03,Queen's Pawn Game: Torre Attack |  Gruenfeld Variation |  Main Line,10
A46,Doery Defense,4
B09,Pirc Defense: Austrian Attack |  Weiss Variation,11
C26,Vienna Game: Stanley Variation |  Reversed Spanish,6
B01,Scandinavian Defense: Classical Variation,10
C48,Four Knights Game: Ranken Variation,9
D20,Queen's Gambit Accepted: Accelerated Mannheim Variation,5
B18,Caro-Kann Defense: Classical Variation,8
B06,Modern Defense: Standard Line,5
A00,Grob Opening: Spike Attack,5
C57,Italian Game: Two Knights Defense |  Traxler Counterattack,8
A40,Caro-Kann Defense: De Bruycker Defense,4
A06,Zukertort Opening: Reversed Mexican Defense,3
B10,Caro-Kann Defense: Accelerated Panov Attack #2,4
C07,French Defense: Tarrasch Variation |  Open System |  Suechting Line,7
C65,Ruy Lopez: Berlin Defense: Mortimer Trap,10
C47,Four Knights Game: Italian Variation |  Noa Gambit,9
A57,Benko Gambit,6
A13,English Opening: Agincourt Defense |  Catalan Defense |  Semi-Slav Defense,8
A00,Sodium Attack,1
C07,French Defense: Tarrasch Variation |  Open System |  Euwe-Keres Line,7
C48,Four Knights Game: Spanish Variation |  Rubinstein Variation Accepted,9
B75,Sicilian Defense: Dragon Variation |  Yugoslav Attack |  Early Deviations,13
C42,Russian Game: Three Knights Game,5
C46,Three Knights Opening: Schlechter Variation,8
B00,Nimzowitsch Defense: Pseudo-Spanish Variation,3
E12,Queen's Indian Defense,6
C20,Portuguese Opening,3
A02,Bird Opening: Sturm Gambit,3
C47,Four Knights Game: Scotch Variation Accepted,8
C79,Ruy Lopez: Central Countergambit,10
C55,Italian Game: Two Knights Defense |  de Riviere Gambit,7
B77,Sicilian Defense: Dragon Variation |  Yugoslav Attack |  Main Line,17
B96,Sicilian Defense: Najdorf Variation,13
D22,Queen's Gambit Accepted: Alekhine Defense |  Haberditz Variation,8
C21,Danish Gambit,5
B52,Sicilian Defense: Canal Attack |  Main Line,6
B45,Sicilian Defense: Paulsen Variation |  Normal Variation,9
D00,Queen's Pawn Game: Huebsch Gambit,6
C14,French Defense: Classical Variation,12
C02,French Defense: Advance Variation |  Paulsen Attack,9
C40,King's Pawn Game: Busch-Gass Gambit,4
B09,Pirc Defense: Austrian Attack |  Ljubojevic Variation,9
B06,Robatsch (Modern) Defense,4
C15,French Defense: Winawer Variation |  Winckelmann-Riemer Gambit,7
C54,Italian Game: Giuoco Piano |  Greco's Attack,13
C68,Ruy Lopez: Exchange Variation |  Alekhine Variation,14
E94,King's Indian Defense: Orthodox Variation |  Positional Defense |  Closed Line,15
B98,Sicilian Defense: Najdorf Variation,14
C41,Philidor Defense #4,6
B40,Sicilian Defense: Paulsen-Basman Defense,8
B19,Caro-Kann Defense: Classical |  Spassky Variation,15
E97,King's Indian Defense: Orthodox Variation |  Bayonet Attack,17
C69,Ruy Lopez: Exchange Variation |  Bronstein Variation,10
C26,Vienna Game: Falkbeer Variation,4
B42,Sicilian Defense: Kan Variation |  Modern Variation,9
A51,Indian Game: Budapest Defense,4
C31,King's Gambit |  Falkbeer Countergambit |  Miles Gambit,6
B81,Sicilian Defense: Scheveningen Variation |  Delayed Keres Attack,13
B17,Caro-Kann Defense: Karpov Variation,8
C02,French Defense: Advance Variation |  Wade Variation,10
B32,Sicilian Defense: Loewenthal Variation,8
C33,King's Gambit Accepted |  Bishop's Gambit |  Bogoljubov Variation,7
A04,Reti Opening #2,2
C42,Russian Game: Cozio (Lasker) Attack,9
A00,Polish Opening: Schiffler-Sokolsky Variation,7
C11,French Defense: Steinitz Variation |  Boleslavsky Variation,13
A00,Van Geet Opening: Sicilian Two Knights,7
D34,Tarrasch Defense: Classical Variation,16
A10,English Opening: Anglo-Scandinavian Defense |  Malvinas Variation,6
A43,Benoni Defense: Benoni-Indian Defense |  Kingside Move Order,5
C44,King's Pawn Game: Dresden Opening,5
B33,Sicilian Defense: Lasker-Pelikan Variation |  Sveshnikov Variation |  Chelyabinsk Variation,17
B21,Sicilian Defense: Smith-Morra Gambit Declined |  Alapin Formation,6
B54,Sicilian Defense,5
C51,Italian Game: Evans Gambit |  Stone-Ware Variation,10
E92,King's Indian Defense: Petrosian Variation,13
C13,French Defense: Alekhine-Chatard Attack |  Maroczy Variation,12
A01,Nimzo-Larsen Attack,1
B00,Nimzowitsch Defense: Kennedy Variation |  Linksspringer Variation,5
D51,Queen's Gambit Declined: Westphalian Variation,12
D00,Queen's Pawn Game: Veresov Attack |  Alburt Defense,4
A45,Indian Game: Reversed Chigorin Defense,4
C00,French Defense: Schlechter Variation,5
B48,Sicilian Defense: Paulsen Variation |  Bastrikov Variation,11
A00,Polish Opening: Bugayev Attack,3
C10,French Defense: Classical Variation |  Svenonius Variation,7
D32,Tarrasch Defense: Symmetrical Variation,10
C70,Ruy Lopez: Morphy Defense |  Caro Variation,8
D20,Queen's Gambit Accepted: Central Variation |  McDonnell Defense |  Somov Gambit,7
B07,Pirc Defense #2,5
D05,Colle System,6
C47,Four Knights Game: Scotch Variation |  Belgrade Gambit,9
C41,Philidor Defense: Philidor Countergambit |  Zukertort Variation,7
A42,Modern Defense: Averbakh System |  Randspringer Variation,8
A21,English Opening: King's English Variation |  Reversed Sicilian,3
A45,Paleface Attack,3
A41,Rat Defense: English Rat,4
E63,King's Indian Defense: Fianchetto Variation |  Panno Variation,14
C67,Ruy Lopez: Berlin Defense |  Rio de Janeiro Variation,10
C20,King's Pawn Game: Alapin Opening,3
C44,Scotch Game: Benima Defense,8
D30,Queen's Gambit Declined: Tarrasch Defense |  Pseudo-Tarrasch Bishop Attack,9
C17,French Defense: Winawer Variation |  Advance Variation |  Moscow Variation,9
A41,Queen's Pawn Game: Anglo-Slav Opening,4
A00,Van Geet Opening: Reversed Nimzowitsch,2
A52,Budapest Defense,6
E94,King's Indian Defense: Orthodox Variation |  Donner Defense,14
C01,French Defense: Baeuerle Gambit,4
A84,Dutch Defense: Rubinstein Variation,5
B18,Caro-Kann Defense: Classical Variation |  Flohr Variation,11
B12,Caro-Kann Defense: Advance Variation |  Bronstein Variation,7
B02,Alekhine Defense: Mokele Mbembe,4
C66,Ruy Lopez: Berlin Defense |  Closed Bernstein Variation,13
B70,Sicilian Defense: Dragon Variation,10
C17,French Defense: Winawer Variation |  Advance Variation #3,8
C89,Ruy Lopez: Marshall Attack |  Modern Main Line,28
E03,Catalan Opening: Open Defense,11
D02,Queen's Pawn Game: Symmetrical Variation |  Pseudo-Catalan,5
B03,Alekhine Defense: Four Pawns Attack |  Main Line,13
C32,King's Gambit |  Falkbeer Countergambit |  Modern Transfer,6
A09,Reti Opening: Advance Variation,4
B20,Sicilian Defense: Wing Gambit,3
E59,Nimzo-Indian Defense: Normal Variation |  Bernstein Defense,19
C45,Scotch Game: Classical Variation,8
C25,Vienna Game: Zhuravlev Countergambit #2,4
C45,Scotch Game,7
B77,Sicilian Defense: Dragon Variation |  Yugoslav Attack,18
A45,Canard Opening,3
A45,Indian Game: Omega Gambit,3
B00,Nimzowitsch Defense: Kennedy Variation |  Keres Attack,7
C33,King's Gambit Accepted |  Bishop's Gambit |  Maurian Defense,6
B06,Modern Defense: Pseudo-Austrian Attack,7
A02,System: Double Duck Formation,4
D10,Slav Defense: Slav Gambit |  Alekhine Attack,7
A00,Polish Opening: Dutch Defense,2
D70,Neo-Gruenfeld Defense,6
C42,Russian Game: Urusov Gambit,5
B92,Sicilian Defense: Najdorf Variation |  Opocensky Variation |  Modern Line,16
C10,French Defense: Rubinstein Variation |  Fort Knox Variation,10
D31,Semi-Slav Defense: Noteboom Variation,8
E11,Bogo-Indian Defense: Gruenfeld Variation,7
B93,Sicilian Defense: Najdorf Variation |  Amsterdam Variation,11
B01,Scandinavian Defense: Blackburne Gambit,6
B13,Caro-Kann Defense: Panov Attack |  Modern Defense,10
B76,Sicilian Defense: Dragon Variation |  Yugoslav Attack |  Panov Variation,17
B01,Scandinavian Defense: Anderssen Counterattack |  Goteborg System,9
C40,Elephant Gambit: Paulsen Countergambit,6
A04,Zukertort Opening: Queen's Gambit Invitation,2
C20,King's Pawn Game: King's Head Opening,5
A00,Polish Opening: Bugayev Advance Variation,5
A40,Englund Gambit Declined |  Reversed Alekhine,3
A07,King's Indian Attack: Yugoslav Variation,8
B21,Sicilian Defense: Smith-Morra Gambit Declined |  Scandinavian Formation,6
B56,Sicilian Defense: Kupreichik Variation,10
C78,Ruy Lopez: Closed Variations |  Martinez Variation,11
B80,Sicilian Defense: Scheveningen Variation,10
C20,King's Pawn Game: Clam Variation |  King's Gambit Reversed,4
A00,Hungarian Opening: Catalan Formation,4
D74,Neo-Gruenfeld Defense: Delayed Exchange Variation,13
E10,Blumenfeld Countergambit Accepted,12
C26,Vienna Game: Stanley Variation,5
D26,Queen's Gambit Accepted: Classical Defense,10
B10,Caro-Kann Defense: Massachusetts Defense,4
B42,Sicilian Defense: Kan Variation |  Polugaevsky Variation,10
B90,Sicilian Defense: Najdorf |  Lipnitsky Attack,11
E97,King's Indian Defense: Orthodox Variation |  Aronin-Taimanov Defense,14
C68,Ruy Lopez: Exchange Variation |  Lutikov Variation,8
B33,Sicilian Defense: Lasker-Pelikan Variation |  Exchange Variation,11
C55,Italian Game: Scotch Gambit,9
C44,Irish Gambit,5
B23,Sicilian Defense: Closed,4
E00,Indian Game: Seirawan Attack,5
A01,Nimzo-Larsen Attack: Symmetrical Variation,2
B13,Caro-Kann Defense: Panov Attack |  Modern Defense |  Mieses Line,12
C41,Philidor Defense: Nimzowitsch Variation |  Klein Variation,7
C27,Bishop's Opening: Boden-Kieseritzky Gambit,7
C43,Petrov: Modern Attack,6
C47,Four Knights Game: Scotch Variation,7
B12,Caro-Kann Defense: Maroczy Variation,5
C05,French Defense: Tarrasch Variation |  Closed Variation #2,12
C37,King's Gambit Accepted |  Ghulam-Kassim Gambit,11
C50,Italian Game: Rosentreter Gambit,7
A04,Zukertort Opening: Nimzo-Larsen Variation,3
C44,Scotch Game: Scotch Gambit |  Sarratt Variation,9
B73,Sicilian Defense: Dragon Variation |  Classical Variation #2,14
B92,Sicilian Defense: Najdorf Variation |  Opocensky Variation,11
A41,Modern Defense,6
B11,Caro-Kann Defense: Two Knights Attack |  Mindeno Variation |  Exchange Line,8
C21,Center Game: Ross Gambit,5
B40,Sicilian Defense: French Variation |  Open,6
E77,King's Indian Defense: Four Pawns Attack |  Normal Attack,15
C43,Russian Game: Modern Attack |  Murrey Variation,8
B03,Alekhine Defense,6
B54,Sicilian Defense: Prins Variation,9
D08,Queen's Gambit Refused: Albin Countergambit |  Normal Line,7
B21,Sicilian Defense: Smith-Morra Gambit #2,3
B10,Caro-Kann Defense: Accelerated Panov Attack,3
B08,Pirc Defense: Classical Variation,8
C54,Italian Game: Classical Variation |  Greco Gambit |  Moeller-Therkatz Attack,17
C44,King's Pawn Game: Pachman Wing Gambit,5
A40,Mikenas Defense,2
A56,Benoni Defense,4
C43,Russian Game: Modern Attack,5
E15,Queen's Indian Defense: Fianchetto Variation |  Nimzowitsch Variation,8
C02,French Defense: Advance Variation |  Lputian Variation,12
C00,French Defense: Normal Variation,3
A40,English Defense #2,2
D11,Slav Defense: Modern Line,5
D01,Richter-Veresov Attack,5
C42,Petrov's Defense #3,6
C37,King's Gambit Accepted |  Muzio Gambit |  Sarratt Defense,12
D31,Queen's Gambit Declined: Janowski Variation,6
C43,Russian Game: Modern Attack |  Symmetrical Variation #2,6
E47,Nimzo-Indian Defense: Normal Variation |  Bishop Attack,9
C57,Italian Game: Two Knights Defense |  Traxler Counterattack |  Bishop Sacrifice Line,9
C80,Ruy Lopez: Open |  6.d4,11
C00,French Defense: Wing Gambit,7
C12,French Defense: MacCutcheon Variation |  Exchange Variation,9
C29,Vienna Game: Vienna Gambit |  Main Line,6
B01,Scandinavian Defense: Mieses-Kotroc Variation,4
B27,Sicilian Defense,3
C42,Petrov's Defense #2,5
C02,French Defense: Advance Variation #2,7
A04,Zukertort Opening: Dutch Variation,2
C10,French Defense: Rubinstein Variation |  Blackburne Defense,8
D15,Slav Defense: Geller Gambit #2,9
A57,Benko Gambit Accepted |  Modern Variation,9
A02,Bird Opening: From's Gambit,2
D12,Slav Defense: Exchange Variation |  Schallopp Variation,11
C55,Italian Game: Deutz Gambit,9
D90,Gruenfeld Defense: Three Knights Variation #2,7
A80,Dutch Defense: Hopton Attack,3
B28,Sicilian Defense: O'Kelly Variation,4
B32,Sicilian Defense: Open #3,7
D43,Semi-Slav Defense,8
D32,Tarrasch Defense,6
C51,Italian Game: Evans Gambit Declined |  Cordel Variation,9
B82,Sicilian Defense: Scheveningen Variation |  Matanovic Attack,11
C44,Scotch Game: Lolli Variation,6
C30,King's Gambit Declined: Keene's Defense #2,5
B08,Pirc Defense: Classical Variation |  Quiet System,9
C45,Scotch Game: Blumenfeld Attack,11
D30,Queen's Gambit Declined: Hastings Variation,13
E94,King's Indian Defense: Orthodox Variation |  Ukrainian Defense,14
B78,Sicilian Defense: Dragon Variation |  Yugoslav Attack |  Old Line,20
C26,Vienna Game: Mengarini Variation,5
A03,Bird Opening,2
E67,King's Indian Defense: Fianchetto Variation |  Classical Fianchetto,14
D20,Queen's Gambit Accepted: Central Variation |  McDonnell Defense,6
D25,Queen's Gambit Accepted: Normal Variation,7
C42,Russian Game: Moody Gambit,9
B32,Sicilian Defense: Flohr Variation,8
D02,Queen's Pawn Game: Symmetrical Variation,4
B90,Sicilian Defense: Najdorf Variation |  English Attack,11
D36,Queen's Gambit Declined: Exchange Variation |  Reshevsky Variation,11
C25,Vienna Game: Anderssen Defense,4
C91,Ruy Lopez: Closed Variations |  Bogoljubov Variation,18
C23,Bishop's Opening: Calabrese Countergambit,4
C41,Philidor Defense: Exchange Variation,8
B21,Sicilian Defense: Smith-Morra Gambit Declined |  Center Formation,6
A80,Dutch Defense: Alapin Variation,3
A13,English Opening: Neo-Catalan,6
E80,King's Indian Defense: Saemisch Variation,9
D02,Queen's Gambit Refused: Baltic Defense,4
C28,Bishop's Opening: Vienna Hybrid,7
B02,Alekhine Defense: Two Pawn Attack |  Lasker Variation,7
C65,Ruy Lopez: Berlin Defense |  Beverwijk Variation,8
B07,King's Pawn Game: Maroczy Defense,4
B07,Pirc Defense: Classical Variation #2,7
D32,Tarrasch Defense: Two Knights Variation,9
A08,King's Indian Attack: Sicilian Variation,5
E72,King's Indian Defense: Normal Variation |  Deferred Fianchetto,9
A10,English Opening: Achilles-Omega Gambit,3
D07,Queen's Gambit Refused: Chigorin Defense |  Main Line,6
D70,Neo-Gruenfeld Defense: Non- or Delayed Fianchetto,6
C55,Italian Game: Two Knights Defense,6
E76,King's Indian Defense: Four Pawns Attack,9
B76,Sicilian Defense: Dragon Variation |  Yugoslav Attack,14
E76,King's Indian Defense: Four Pawns Attack |  Dynamic Attack,13
B21,Sicilian Defense: Smith-Morra Gambit,5
A40,Horwitz Defense,2
D04,Queen's Pawn Game: Colle System |  Anti-Colle,6
A28,English Opening: Four Knights System |  Nimzowitsch Variation,7
B10,Caro-Kann Defense,2
C57,Italian Game: Two Knights Defense |  Fritz Variation,10
B00,St. George Defense: Zilbermints Gambit,4
B22,Sicilian Defense: Alapin Variation,3
B91,Sicilian Defense: Najdorf Variation |  Zagreb (Fianchetto) Variation,11
C02,French Defense: Advance Variation |  Nimzowitsch System,7
D78,Neo-Gruenfeld Defense: Classical Variation |  Modern Defense,12
E44,Nimzo-Indian Defense: Fischer Variation,9
D06,Queen's Gambit Refused: Chigorin Defense |  Lazard Gambit,6
B00,Owen Defense,2
B06,Modern Defense: Three Pawns Attack,5
C44,Ponziani Opening: Romanishin Variation,6
E60,King's Indian Defense: Normal Variation |  King's Knight Variation,5
B47,Sicilian Defense: Paulsen Variation |  Bastrikov Variation,10
B15,Caro-Kann Defense: Alekhine Gambit,9
E94,King's Indian Defense: Orthodox Variation,13
B03,Alekhine Defense: Exchange Variation,9
C88,Ruy Lopez: Closed,13
A58,Benko Gambit: Zaitsev System,9
C44,King's Knight Opening: Normal Variation,4
A04,Zukertort Opening,4
C51,Italian Game: Evans Gambit |  McDonnell Defense,10
E38,Nimzo-Indian Defense: Classical Variation |  Berlin Variation,8
B20,Sicilian Defense: Amazon Attack,3
C81,Ruy Lopez: Open Variations |  Howell Attack #2,17
C57,Italian Game: Two Knights Defense |  Lolli Attack,11
D31,Semi-Slav Defense: Marshall Gambit,7
B06,Modern Defense: Standard Defense,6
B20,Sicilian Defense: Lasker-Dunne Attack,3
C37,King's Gambit Accepted |  Rosentreter Gambit,7
A36,English Opening: Symmetrical Variation |  Fianchetto Variation,5
C45,Scotch Game: Haxo Gambit,8
C80,Ruy Lopez: Open Variations |  Open Variation,10
C21,Danish Gambit Accepted |  Classical Defense,10
E35,Nimzo-Indian Defense: Classical |  Noa Variation |  5.cxd5 exd5,10
C24,Bishop's Opening: Berlin Defense,4
D14,Slav Defense: Exchange Variation |  Symmetrical Line,12
B33,Sicilian Defense: Lasker-Pelikan Variation,10
B22,Sicilian Defense: Alapin Variation |  Smith-Morra Declined,8
C07,French Defense: Tarrasch Variation |  Chistyakov Defense |  Modern Line,20
C55,Italian Game: Two Knights Defense |  Open Variation,7
E01,Catalan Opening,6
C02,French Defense: Advance Variation |  Main Line,11
C01,French Defense: Exchange Variation |  Monte Carlo Variation,7
A00,Polish Opening: Czech Defense,4
C88,Ruy Lopez: Closed Variations |  Rosen Attack,15
A41,Rat Defense: English Rat |  Lisbon Gambit,6
D10,Slav Defense,4
A00,Hungarian Opening: Reversed Alekhine,3
A40,Englund Gambit Complex: Soller Gambit,4
C40,Gunderam Defense,4
B27,Sicilian Defense: Hyperaccelerated Pterodactyl,6
B15,Caro-Kann Defense: Tartakower Variation,10
C55,Italian Game: Scotch Gambit |  Max Lange Attack,10
C24,Bishop's Opening: Ponziani Gambit,5
E10,Blumenfeld Countergambit #2,6
E67,King's Indian Defense: Fianchetto Variation |  Debrecen Defense,12
A00,Polish Opening: Symmetrical Variation,2
B02,Alekhine Defense: Maroczy Variation,3
A38,English Opening: Symmetrical Variation |  Duchamp Variation,13
C84,Ruy Lopez: Closed Variations,10
A08,King's Indian Attack,4
A42,Sicilian Defense: Hyperaccelerated Fianchetto,5
C20,King's Pawn Opening: 2.b3,3
A49,East Indian Defense,4
C00,French Defense: Bird Invitation,3
B07,Czech Defense,6
D85,Gruenfeld Defense: Exchange Variation |  Modern Exchange Variation,13
B01,Scandinavian Defense: Anderssen Counterattack,8
C58,Italian Game: Two Knights Defense |  Polerio Defense |  Bogoljubov Variation,15
E20,Nimzo-Indian Defense #2,5
A58,Benko Gambit Accepted |  Fianchetto Variation,17
D00,Queen's Pawn Game: Zurich Gambit,3
B62,Sicilian Defense: Richter-Rauzer Variation |  Vitolins Variation,13
A04,Reti Opening,1
D31,Queen's Gambit Declined: Charousek (Petrosian) Variation,6
C00,French Defense: Steinitz Attack,3
B40,Sicilian Defense: Drazic Variation,6
B13,Caro-Kann Defense: Exchange Variation |  Rubinstein Variation,11
A05,King's Indian Attack: Symmetrical Defense,4
C11,French Defense: Classical Variation |  Steinitz Variation,7
B40,Sicilian Defense: Wing Gambit Deferred,5
C42,Russian Game: Classical Attack |  Mason Variation,14
C21,Danish Gambit Accepted,9
B60,Sicilian Defense: Richter-Rauzer Variation,11
D55,Queen's Gambit Declined: Neo-Orthodox Variation,12
B20,Sicilian Defense: Mengarini Variation,3
B40,Sicilian Defense: Pin Variation |  Koch Variation,11
B29,Sicilian Defense: Nimzowitsch Variation |  Main Line,12
B24,Sicilian Defense: Closed,6
C50,Italian Game: Rousseau Gambit,6
D00,Blackmar-Diemer Gambit: Gedult Gambit,5
C67,Ruy Lopez: Berlin Defense |  Rio Gambit Accepted,8
C55,Italian Game: Two Knights Defense |  Max Lange Attack,11
B06,Modern Defense: Two Knights Variation,7
B01,Scandinavian Defense: Boehnke Gambit,6
B58,Sicilian Defense: Classical Variation,11
B12,Caro-Kann Defense: Modern Variation,5
A57,Benko Gambit Declined |  Quiet Line,7
C40,King's Pawn Game: McConnell Defense,4
C57,Italian Game: Two Knights Defense |  Ponziani-Steinitz Gambit,8
B72,Sicilian Defense: Dragon |  6.Be3,11
C38,King's Gambit Accepted |  Hanstein Gambit,9
C01,French Defense: Exchange Variation |  Svenonius Variation,9
B74,Sicilian Defense: Dragon Variation |  Classical Variation |  Normal Line,17
A57,Benko Gambit Declined |  Main Line,7
C30,King's Gambit Declined |  Petrov's Defense,4
B84,Sicilian Defense: Scheveningen Variation |  Classical Variation,12
B02,Alekhine Defense: Normal Variation,4
A00,Creepy Crawly Formation: Classical Defense,4
C41,Philidor Defense #3,5
B20,Sicilian Defense: Keres Variation,3
C51,Italian Game: Evans Gambit,7
C71,Ruy Lopez: Morphy Defense |  Modern Steinitz Defense #2,8
B03,Alekhine Defense #3,7
D41,Queen's Gambit Declined: Semi-Tarrasch |  5.cxd5,9
C52,Italian Game: Evans Gambit |  Slow Variation,11
B20,Sicilian Defense: Wing Gambit |  Marshall Variation,5
D02,Queen's Pawn Game: Zukertort Variation,3
A00,Polish Opening: Grigorian Variation,2
E73,King's Indian Defense: Averbakh Variation |  Geller Defense,12
A00,Global Opening,3
C68,Ruy Lopez: Exchange Variation |  Keres Variation,9
A84,Dutch Defense,3
D20,Queen's Gambit Accepted: Central Variation |  Rubinstein Defense |  Yefimov Gambit,8
B41,Sicilian Defense: Kan Variation |  Maroczy Bind |  Reti Variation,9
E15,Queen's Indian Defense: Fianchetto Variation |  Check Variation,10
C18,French Defense: Winawer Variation |  Maroczy-Wallis Variation,12
C44,Scotch Game: Scotch Gambit |  London Defense,8
C20,King's Pawn Game: Tortoise Opening,3
C41,Philidor Defense: Morphy Gambit,7
A04,Zukertort Opening: Lisitsyn Gambit,3
A44,Old Benoni Defense,4
E46,Nimzo-Indian Defense: Reshevsky Variation,9
B27,Sicilian Defense: Buecker Variation,4
A04,Zukertort Opening: Sicilian Invitation,2
C11,French Defense: Burn Variation,7
A34,English Opening: Symmetrical Variation |  Fianchetto Variation,5
A83,Dutch Defense: Staunton Gambit,7
D00,Blackmar-Diemer Gambit: Teichmann Variation,10
A43,Old Benoni Defense #2,3
D10,Slav Defense: Winawer Countergambit,6
B06,Modern Defense: Bishop Attack,5
B70,Sicilian Defense: Dragon Variation |  Fianchetto Variation,11
B21,Sicilian Defense: McDonnell Attack |  Tal Gambit,6
B96,Sicilian Defense: Najdorf Variation |  Neo-Classical Defense,14
C45,Scotch Game: Classical Variation |  Intermezzo Variation,10
D01,Queen's Pawn Game: Chigorin Variation,4
B34,Sicilian Defense: Accelerated Dragon |  Modern Variation,9
C44,Scotch Game: Scotch Gambit,7
B12,Caro-Kann Defense: Advance Variation |  Tal Variation,7
B01,Scandinavian Defense: Zilbermints Gambit,3
A16,English Opening: Anglo-Indian Defense |  Queen's Knight Variation,3
B09,Pirc Defense: Austrian Attack |  Unzicker Attack,11
D86,Gruenfeld Defense: Exchange Variation |  Classical Variation,13
C42,Russian Game: Classical Attack,9
A04,Zukertort Opening: Polish Defense,2
E12,Queen's Indian Defense: Kasparov-Petrosian Variation |  Marco Defense,10
B02,Alekhine Defense: The Squirrel,6
A10,English Opening: Jaenisch Gambit,2
C33,King's Gambit Accepted |  Polerio Gambit,5
A04,Zukertort Opening: Quiet System,3
B05,Alekhine Defense: Modern Variation |  Main Line,8
C44,Scotch Game: Scotch Gambit |  Dubois Reti Defense,8
C53,Italian Game: Classical Variation |  Center Holding Variation,10
B01,Scandinavian Defense: Marshall Variation,6
D00,Queen's Pawn Game,2
C70,Ruy Lopez: Morphy Defense |  Norwegian Variation,10
B23,Sicilian Defense: Closed Variation,3
A41,Old Indian Defense,3
D05,Rubinstein Opening: Bogoljubov Defense,14
E20,Nimzo-Indian Defense,6
A01,Nimzo-Larsen Attack: Dutch Variation,2
E16,Queen's Indian Defense: Capablanca Variation,10
C20,English Opening: The Whale,3
A53,Old Indian Defense,4
C21,Center Game: von der Lasa Gambit,5
C45,Scotch Game: Scotch Gambit |  Kingside Variation,10
C21,Center Game: Lanc-Arnold Gambit |  Schippler Gambit,9
A43,Benoni Defense: Benoni Gambit Accepted,3
A14,English Opening: Agincourt Defense |  Neo-Catalan Declined,9
C39,King's Gambit Accepted |  Kieseritzky Gambit |  Berlin Defense,10
C41,Philidor Defense: Steinitz Variation,7
A57,Benko Gambit Declined |  Hjoerring Countergambit,7
A46,Torre Attack #2,3
C78,Ruy Lopez: Closed Variations |  Morphy Attack,11
E20,Nimzo-Indian Defense: Romanishin Variation #2,7
C18,French Defense: Winawer Variation |  Advance Variation,12
B15,Caro-Kann Defense: von Hennig Gambit,7
D81,Gruenfeld Defense: Russian Variation |  Accelerated Variation,7
A04,Zukertort Opening: Arctic Defense,2
A40,Mikenas Defense: Lithuanian Variation,6
C74,Ruy Lopez: Morphy Defense |  Jaffe Gambit,9
E90,King's Indian Defense: Zinnowitz Variation,11
C46,Four Knights Game: Italian Variation,7
B21,Sicilian Defense: Morphy Gambit |  Andreaschek Gambit,7
D19,Queen's Gambit Declined: Slav |  Dutch Variation,15
D60,Queen's Gambit Declined: Orthodox Defense,12
B25,Sicilian Defense: Closed Variation,11
C03,French Defense: Tarrasch Variation |  Modern System,6
D48,Semi-Slav Defense: Meran Variation,16
B06,Modern Defense,2
B32,Sicilian Defense: Godiva Variation,8
D00,Queen's Pawn Game #2,3
C42,Russian Game: French Attack,9
A50,Indian Game: Normal Variation,3
D52,Queen's Gambit Declined: Cambridge Springs Variation,12
C30,King's Gambit: Panteldakis Countergambit,4
E40,Nimzo-Indian Defense: Normal Line,7
C49,Four Knights Game: Spanish Variation |  Symmetrical Variation #3,12
C40,Latvian Gambit: Mason Countergambit,5
A22,English Opening: King's English Variation |  Two Knights Variation |  Reversed Dragon,6
E21,Nimzo-Indian Defense: Three Knights Variation |  Duchamp Variation,8
A01,Nimzo-Larsen Attack: Classical Variation,2
C00,French Defense: La Bourdonnais Variation |  Reuter Gambit,6
C68,Ruy Lopez: Exchange Variation |  King's Bishop Variation,10
A00,Polish Opening: Baltic Defense,4
C56,Italian Game: Scotch Gambit |  Max Lange Attack |  Spielmann Defense,12
C37,King's Gambit Accepted |  King's Knight Gambit,7
C46,Three Knights Opening,5
D30,Queen's Gambit Declined: Vienna Variation,8
B57,Sicilian Defense: Classical Variation |  Anti-Sozin Variation,12
D37,Queen's Gambit Declined: Harrwitz Attack,9
B12,Caro-Kann Defense: Ulysses Gambit,7
C44,Scotch Game,5
E70,King's Indian Defense: Normal Variation,7
B07,Pirc Defense #4,2
C61,Ruy Lopez: Bird Variation,6
C31,King's Gambit |  Falkbeer Countergambit Accepted,5
B53,Sicilian Defense: Chekhover Variation,7
C67,Ruy Lopez: Berlin Defense |  l'Hermet Variation,10
A67,Benoni Defense: Taimanov Variation,15
A46,Torre Attack,5
A01,Nimzo-Larsen Attack: English Variation,2
D21,Queen's Gambit Accepted: Gunsberg Defense,6
D20,Queen's Gambit Accepted: Schwartz Defense,6
D53,Queen's Gambit Declined: Modern Variation |  Heral Variation,9
C45,Scotch Game: Modern Defense,10
B00,Nimzowitsch Defense: Mikenas Variation,4
B83,Sicilian Defense: Scheveningen Variation |  Modern Variation,17
C55,Italian Game: Two Knights Defense #2,8
E00,Kangaroo Defense: Keres Defense |  Transpositional Variation,5
C20,King's Pawn Game: Wayward Queen Attack,3
D46,Semi-Slav Defense: Romih Variation,12
A27,English Opening: King's English Variation |  Three Knights System,5
A18,English Opening: Mikenas-Carls Variation,7
A28,English Opening: King's English Variation |  Four Knights Variation |  Korchnoi Line,7
C55,Italian Game: Scotch Gambit |  Janowski Defense,10
C01,French Defense: Franco-Hiva Gambit I,4
C70,Ruy Lopez: Morphy Defense |  Classical Defense Deferred,8
C40,Elephant Gambit: Maroczy Gambit,6
A13,English Opening: Agincourt Defense,2
D10,Slav Defense #2,5
B01,Scandinavian Defense: 2.b3,3
A40,Borg Defense: Borg Gambit,2
B71,Sicilian Defense: Dragon Variation |  Levenfish Variation |  Main Line,12
D82,Gruenfeld Defense: Brinckmann Attack,7
B12,Caro-Kann Defense,3
D32,Queen's Gambit Declined: Tarrasch Defense: 4.cxd5 exd5,8
B00,St. George Defense: Woodchuck Variation,4
B03,Alekhine Defense: Four Pawns Attack,9
C20,Bishop's Opening: Boi Variation,4
D00,Blackmar-Diemer Gambit: Ryder Gambit,9
A57,Benko Gambit Accepted |  Pawn Return Variation,9
B20,Sicilian Defense: Snyder Variation,3
B03,Alekhine Defense: Four Pawns Attack |  6...Nc6,12
C09,French Defense: Tarrasch Variation |  Open System |  Main Line,10
D35,Queen's Gambit Declined: Normal Defense,6
B09,Pirc Defense: Austrian Attack,7
B40,Sicilian Defense: French Variation,4
C15,French Defense: Winawer Variation |  Fingerslip Variation,7
C14,French Defense: Classical Variation |  Steinitz Variation,13
C11,French Defense: Classical Variation,6
D20,Queen's Gambit Accepted: Saduleto Variation,5
B33,Sicilian Defense: Lasker-Pelikan Variation |  Schlechter Variation,11
C33,King's Gambit Accepted |  Bishop's Gambit |  Lopez Defense,6
A40,Queen's Pawn Game: Englund Gambit,10
D02,Queen's Pawn Game: London System,5
B27,Sicilian Defense: Katalimov Variation,4
B13,Caro-Kann Defense: Exchange Variation,5
A04,Zukertort Opening: Wade Defense,4
C41,Philidor Defense: Exchange Variation #3,6
C50,Four Knights Game: Italian Variation,8
A40,Englund Gambit Complex: Englund Gambit,6
E54,Nimzo-Indian Defense: Panov Attack |  Main Line,12
C57,Italian Game: Two Knights Defense |  Traxler Counterattack |  Knight Sacrifice Line,9
B40,Sicilian Defense: Kveinis Variation,8
D00,Queen's Pawn Game: Levitsky Attack,3
C22,Center Game: Paulsen Attack Variation,7
E17,Queen's Indian Defense: Classical Variation |  Polugaevsky Gambit,15
B00,Caro-Kann Defense: Hillbilly Attack,3
B30,Sicilian Defense: Old Sicilian,4
D11,Slav Defense: Modern,6
A10,English Opening: Anglo-Scandinavian Defense |  Schulz Gambit,4
A10,English Opening: Anglo-Scandinavian Defense |  Loehn Gambit,4
C41,Philidor Defense: Lion Variation,8
D03,Queen's Pawn Game: Torre Attack,5
B57,Sicilian Defense: Magnus Smith Trap,15
C07,French Defense: Tarrasch Variation |  Open System,6
C60,Ruy Lopez: Vinogradov Variation,6
E06,Catalan Opening: Closed Variation,9
B07,Rat Defense: Balogh Defense,4
D55,Queen's Gambit Declined: Neo-Orthodox Variation |  Main Line,13
D00,Amazon Attack: Siberian Attack,5
D35,Queen's Gambit Declined: Exchange Variation |  Positional Variation #2,9
C55,Italian Game: Scotch Gambit Declined #2,8
A45,Indian Game: Paleface Attack |  Blackmar-Diemer Gambit Deferred,5
C42,Russian Game: Classical Attack |  Staunton Variation,16
C41,Philidor Defense: Lopez Countergambit,6
C02,French Defense: Advance Variation |  Milner-Barry Gambit,11
B80,Sicilian Defense: Scheveningen Variation |  English Attack,13
C78,Ruy Lopez: Morphy Defense |  Neo-Arkhangelsk Variation,10
C02,French Defense: Advance Variation #3,5
E00,Kangaroo Defense,4
A52,Budapest Defense: Adler Variation,7
C00,French Defense: Chigorin Variation,3
B01,Scandinavian Defense: Richter Variation,8
D17,Slav Defense: Czech Variation |  Wiesbaden Variation,12
